Geopolitical entity (reporting),2002,2003,2004,2005,2006,2007,2008,2009,2010,2011,2012,2013,2014,2015,2016,2017,2018,2019,2020,2021,2022,2023,2024,Change since 2002,Change since 2002 in %,Change since 2019,Change since 2019 in %
Austria,78.9,78.8,79.3,79.5,80.1,80.3,80.6,80.5,80.7,81.1,81.1,81.3,81.4,81.2,81.6,81.6,81.7,81.9,81.3,81.3,81.4,81.9,82.1,3.1999999999999886,4.055766793409364,0.19999999999998863,0.24420024420023032
Belgium,78.2,78.3,79.0,79.1,79.5,79.9,79.8,80.2,80.3,80.7,80.5,80.7,81.1,80.9,81.3,81.4,81.5,81.8,80.8,81.7,81.7,82.3,82.4,4.200000000000003,5.370843989769824,0.6000000000000085,0.7334963325183479
Bulgaria,72.1,72.3,72.5,72.5,72.7,73.0,73.3,73.7,73.8,74.2,74.4,74.9,74.4,74.5,74.7,74.6,74.7,74.8,73.3,71.2,74.1,75.7,75.8,3.700000000000003,5.131761442441059,1.0,1.3368983957219251
Croatia,74.7,74.6,75.4,75.3,75.9,75.8,76.0,76.3,76.7,77.2,77.3,77.8,77.8,77.4,78.0,77.8,78.0,78.3,77.6,76.6,77.7,78.5,78.9,4.200000000000003,5.622489959839361,0.6000000000000085,0.7662835249042255
Cyprus,78.7,79.0,79.1,78.7,80.1,79.8,80.6,81.0,81.5,81.2,81.1,82.5,82.3,81.9,82.8,82.4,83.0,82.6,82.7,81.8,82.2,83.0,83.5,4.799999999999997,6.0991105463786495,0.9000000000000057,1.0895883777239779
Czech Rep.,75.4,75.3,75.9,76.1,76.7,77.0,77.3,77.4,77.7,78.0,78.1,78.3,78.8,78.6,79.0,79.0,79.0,79.2,78.3,77.2,79.0,79.8,80.1,4.699999999999989,6.233421750663115,0.8999999999999915,1.1363636363636256
Denmark,77.1,77.4,77.8,78.3,78.4,78.4,78.8,79.0,79.3,79.9,80.2,80.4,80.6,80.7,80.9,81.1,81.0,81.4,81.5,81.4,81.3,81.7,82.0,4.900000000000006,6.355382619974067,0.5999999999999943,0.7371007371007301
EU27,77.6,77.7,78.3,78.4,78.9,79.1,79.3,79.5,79.8,80.1,80.2,80.5,80.6,80.5,80.7,80.7,80.8,81.1,80.3,80.0,80.6,81.2,81.5,3.9000000000000057,5.025773195876297,0.4000000000000057,0.4932182490752228
Estonia,71.4,71.9,72.4,73.0,73.2,73.2,74.4,75.3,76.0,76.6,76.7,77.5,77.1,77.7,77.8,78.2,78.4,78.8,78.8,77.2,78.1,78.9,79.4,8.0,11.204481792717086,0.6000000000000085,0.7614213197969651
Finland,78.3,78.6,79.0,79.1,79.5,79.6,79.9,80.1,80.2,80.6,80.7,81.1,81.1,81.4,81.3,81.5,81.6,81.9,81.8,81.8,81.2,81.6,82.2,3.9000000000000057,4.980842911877402,0.29999999999999716,0.3663003663003628
France,79.4,79.3,80.3,80.3,80.9,81.3,81.4,81.5,81.8,82.3,82.1,82.4,82.4,82.1,82.4,82.4,82.6,82.7,82.2,82.2,82.2,82.9,83.0,3.5999999999999943,4.534005037783368,0.29999999999999716,0.36275695284159265
Germany,78.6,78.6,79.3,79.4,79.9,80.1,80.2,80.3,80.5,80.6,80.7,80.6,80.9,80.6,80.9,81.0,80.9,81.2,81.0,80.7,80.5,80.9,81.2,2.6000000000000085,3.307888040712479,0.0,0.0
Greece,79.2,79.3,79.4,79.6,79.9,79.7,80.2,80.4,80.6,80.8,80.7,81.4,81.0,80.8,81.0,81.0,81.5,81.4,81.1,80.1,80.8,81.7,81.9,2.700000000000003,3.4090909090909123,0.5,0.6142506142506142
Hungary,72.6,72.6,73.0,73.0,73.5,73.6,74.2,74.4,74.7,75.1,75.3,75.8,75.8,75.6,76.1,75.9,76.0,76.3,75.5,74.1,75.9,76.7,76.8,4.200000000000003,5.7851239669421535,0.5,0.6553079947575361
Ireland,77.7,78.2,78.6,79.0,79.3,79.7,80.2,80.2,80.8,80.9,80.9,81.0,81.3,81.4,81.6,82.0,82.0,82.5,82.3,82.1,82.4,82.7,83.1,5.3999999999999915,6.949806949806939,0.5999999999999943,0.7272727272727204
Italy,80.4,80.1,80.9,80.9,81.4,81.6,81.7,81.8,82.2,82.4,82.4,82.9,82.8,82.4,83.0,82.8,83.1,83.4,82.2,82.6,82.8,83.3,83.7,3.299999999999997,4.104477611940294,0.29999999999999716,0.3597122302158239
Latvia,70.2,70.6,70.9,70.6,70.6,70.8,72.1,72.8,73.1,73.9,74.1,74.3,74.3,74.7,74.8,74.8,75.0,75.7,75.4,73.2,74.5,75.6,76.4,6.200000000000003,8.831908831908835,0.7000000000000028,0.924702774108326
Lithuania,71.8,72.0,72.0,71.2,71.0,70.7,71.7,72.9,73.3,73.7,74.1,74.1,74.5,74.4,74.8,75.7,75.9,76.4,75.2,74.3,75.8,77.4,77.5,5.700000000000003,7.93871866295265,1.0999999999999943,1.4397905759162228
Luxembourg,78.1,77.9,79.2,79.6,79.4,79.5,80.7,80.8,80.8,81.1,81.5,81.9,81.8,82.0,82.3,81.8,82.1,82.4,82.1,82.5,82.8,83.1,83.2,5.1000000000000085,6.530089628681189,0.7999999999999972,0.9708737864077635
Malta,78.8,78.7,79.4,79.4,79.5,79.9,79.7,80.4,81.5,80.9,80.8,81.8,81.8,81.7,82.1,82.0,82.1,82.4,81.9,82.0,82.1,83.1,83.0,4.200000000000003,5.329949238578684,0.5999999999999943,0.7281553398058184
Netherlands,78.5,78.7,79.3,79.6,80.0,80.4,80.5,80.9,81.0,81.3,81.2,81.4,81.6,81.5,81.5,81.7,81.8,82.1,81.4,81.3,81.6,81.8,81.9,3.4000000000000057,4.33121019108281,-0.19999999999998863,-0.24360535931789115
Poland,74.5,74.7,74.9,75.0,75.3,75.4,75.6,75.9,76.4,76.8,76.9,77.1,77.5,77.4,77.8,77.7,77.6,77.9,76.4,75.4,77.1,78.2,78.5,4.0,5.369127516778524,0.5999999999999943,0.7702182284980671
Portugal,77.4,77.5,78.4,78.2,79.0,79.3,79.5,79.7,80.1,80.7,80.6,80.9,81.3,81.3,81.4,81.6,81.6,82.0,81.4,81.4,81.7,82.3,82.5,5.099999999999994,6.589147286821698,0.5,0.6097560975609756
Romania,70.9,71.0,71.4,71.9,72.5,73.1,73.5,73.7,73.7,74.4,74.4,75.1,74.9,74.9,75.2,75.2,75.3,75.6,74.1,72.8,75.1,76.3,76.5,5.599999999999994,7.898448519040895,0.9000000000000057,1.190476190476198
Slovakia,73.8,73.8,74.2,74.1,74.5,74.6,74.9,75.3,75.6,76.1,76.3,76.6,76.9,76.7,77.3,77.3,77.3,77.7,77.0,74.6,77.0,78.1,78.4,4.6000000000000085,6.2330623306233175,0.7000000000000028,0.9009009009009046
Slovenia,76.6,76.4,77.2,77.5,78.3,78.4,79.1,79.4,79.8,80.1,80.3,80.5,80.9,80.6,81.0,80.9,81.2,81.4,80.5,80.6,81.2,81.8,82.1,5.5,7.1801566579634475,0.6999999999999886,0.8599508599508459
Spain,79.8,79.7,80.4,80.3,81.1,81.1,81.5,81.9,82.4,82.6,82.5,83.2,82.9,82.7,83.1,83.0,83.1,83.5,82.3,83.0,83.1,83.8,84.0,4.200000000000003,5.263157894736846,0.5,0.5988023952095809
Sweden,80.0,80.3,80.7,80.7,81.0,81.1,81.3,81.5,81.6,81.9,81.8,82.0,82.2,82.2,82.3,82.4,82.5,83.1,82.4,83.0,83.0,83.2,83.8,3.799999999999997,4.7499999999999964,0.7000000000000028,0.8423586040914595
